133,876,82,87,*,831168072,,1330,8760,8200,8700
362,644,581,3,*,406342104,,3620,6440,5810,3000
59,35,77,6,*,954030,,5900,3500,7700,6000
8,65,45,13,*,304200,,8000,6500,4500,1300
72,68,34,99,*,16479936,,7200,6800,3400,9900
21,96,117,945,*,222899040,,2100,9600,1170,9450
742,956,513,69,*,25108932744,,7420,9560,5130,6900
3,9,36,41,*,39852,,3000,9000,3600,4100
53,45,33,93,*,7319565,,5300,4500,3300,9300
649,812,113,661,*,39362314684,,6490,8120,1130,6610
39,86,943,276,*,872938872,,3900,8600,9430,2760
77,22,48,83,*,6748896,,7700,2200,4800,8300
37,41,13,64,*,1262144,,3700,4100,1300,6400
7,21,86,65,*,821730,,7000,2100,8600,6500
522,552,955,665,*,182993050800,,5220,5520,9550,6650
79,52,5,2,*,41080,,7900,5200,5000,2000
65,53,85,14,*,4099550,,6500,5300,8500,1400
83,88,73,17,*,9064264,,8300,8800,7300,1700
652,257,985,164,*,27068288560,,6520,2570,9850,1640
147,336,666,74,*,2434235328,,1470,3360,6660,7400
91,52,7,2,*,66248,,9100,5200,7000,2000
7,1,94,46,*,30268,,7000,1000,9400,4600
2,94,28,91,*,479024,,2000,9400,2800,9100
15,147,259,219,*,125069805,,1500,1470,2590,2190
16,872,458,644,*,4115170304,,1600,8720,4580,6440
522,71,46,62,*,105700824,,5220,7100,4600,6200
23,26,69,45,*,1856790,,2300,2600,6900,4500
8,1,3,24,*,576,,8000,1000,3000,2400
75,64,19,3,*,273600,,7500,6400,1900,3000
74,13,1,1,*,962,,7400,1300,1000,1000
412,528,37,1,*,8048832,,4120,5280,3700,1000
4,45,699,522,*,65678040,,4000,4500,6990,5220
7,55,81,52,*,1621620,,7000,5500,8100,5200
51,82,81,73,*,24728166,,5100,8200,8100,7300
3,728,547,879,*,1050095592,,3000,7280,5470,8790
5,535,846,964,*,2181580200,,5000,5350,8460,9640
717,236,872,87,*,12837099168,,7170,2360,8720,8700
88,29,198,895,*,452239920,,8800,2900,1980,8950
95,64,388,841,*,1983952640,,9500,6400,3880,8410
15,5,3,3,*,675,,1500,5000,3000,3000
885,58,35,84,*,150910200,,8850,5800,3500,8400
14,24,9,6,*,18144,,1400,2400,9000,6000
897,717,947,51,*,31062167253,,8970,7170,9470,5100
998,911,947,65,*,55964451790,,9980,9110,9470,6500
24,38,69,97,*,6104016,,2400,3800,6900,9700
313,826,788,17,*,3463375048,,3130,8260,7880,1700
26,39,48,71,*,3455712,,2600,3900,4800,7100
23,8,1,6,*,1104,,2300,8000,1000,6000
27,64,63,56,*,6096384,,2700,6400,6300,5600
386,381,935,15,*,2062600650,,3860,3810,9350,1500
456,823,658,935,*,230888436240,,4560,8230,6580,9350
579,478,51,76,*,1072729512,,5790,4780,5100,7600
4,26,91,83,*,785512,,4000,2600,9100,8300
673,594,227,674,*,61162786476,,6730,5940,2270,6740
24,52,41,26,*,1330368,,2400,5200,4100,2600
354,518,167,68,*,2082372432,,3540,5180,1670,6800
87,895,881,657,*,45069585705,,8700,8950,8810,6570
311,58,25,7,*,3156650,,3110,5800,2500,7000
552,648,549,514,*,100936803456,,5520,6480,5490,5140
47,53,9,8,*,179352,,4700,5300,9000,8000
31,41,88,24,*,2684352,,3100,4100,8800,2400
887,141,91,19,*,216240843,,8870,1410,9100,1900
82,31,9,7,*,160146,,8200,3100,9000,7000
983,953,825,782,*,604375874850,,9830,9530,8250,7820
66,67,48,74,*,15706944,,6600,6700,4800,7400
86,66,94,7,*,3734808,,8600,6600,9400,7000
8,47,72,82,*,2219904,,8000,4700,7200,8200
69,28,551,284,*,302327088,,6900,2800,5510,2840
873,42,6,2,*,439992,,8730,4200,6000,2000
84,2,7,4,*,4704,,8400,2000,7000,4000
91,48,167,375,*,273546000,,9100,4800,1670,3750
557,88,49,84,*,201749856,,5570,8800,4900,8400
11,14,59,9,*,81774,,1100,1400,5900,9000
6,57,41,59,*,827298,,6000,5700,4100,5900
289,316,257,65,*,1525567420,,2890,3160,2570,6500
69,27,35,6,*,391230,,6900,2700,3500,6000
13,61,34,77,*,2076074,,1300,6100,3400,7700
1,77,61,98,*,460306,,1000,7700,6100,9800
2,28,396,381,*,8449056,,2000,2800,3960,3810
51,56,89,26,*,6608784,,5100,5600,8900,2600
78,35,25,12,*,819000,,7800,3500,2500,1200
1,2,15,13,*,390,,1000,2000,1500,1300
23,7,1,2,*,322,,2300,7000,1000,2000
32,11,2,2,*,1408,,3200,1100,2000,2000
8,4,81,88,*,228096,,8000,4000,8100,8800
863,269,891,184,*,38059107768,,8630,2690,8910,1840
19,37,17,9,*,107559,,1900,3700,1700,9000
535,111,373,575,*,12736597875,,5350,1110,3730,5750
22,58,8,2,*,20416,,2200,5800,8000,2000
95,677,857,987,*,54401421585,,9500,6770,8570,9870
62,84,97,56,*,28289856,,6200,8400,9700,5600
532,247,466,635,*,38883757640,,5320,2470,4660,6350
7,8,5,55,*,15400,,7000,8000,5000,5500
23,38,44,956,*,36763936,,2300,3800,4400,9560
82,67,3,2,*,32964,,8200,6700,3000,2000
72,13,11,1,*,10296,,7200,1300,1100,1000
82,79,7,7,*,317422,,8200,7900,7000,7000
4,88,886,927,*,289105344,,4000,8800,8860,9270
91,98,44,67,*,26290264,,9100,9800,4400,6700
866,495,946,565,*,229119828300,,8660,4950,9460,5650
658,253,39,9,*,58432374,,6580,2530,3900,9000
52,95,31,55,*,8422700,,5200,9500,3100,5500
13,68,56,769,*,38068576,,1300,6800,5600,7690
816,428,366,194,*,24798004992,,8160,4280,3660,1940
32,172,274,952,*,1435707392,,3200,1720,2740,9520
224,166,879,61,*,1993768896,,2240,1660,8790,6100
14,23,34,78,*,853944,,1400,2300,3400,7800
59,35,93,68,*,13059060,,5900,3500,9300,6800
297,637,253,746,*,35707153482,,2970,6370,2530,7460
59,76,55,6,*,1479720,,5900,7600,5500,6000
221,86,17,42,*,13570284,,2210,8600,1700,4200
1,227,241,973,*,53229911,,1000,2270,2410,9730
1,3,446,483,*,646254,,1000,3000,4460,4830
368,765,138,15,*,582746400,,3680,7650,1380,1500
8,53,63,34,*,908208,,8000,5300,6300,3400
64,4,1,8,*,2048,,6400,4000,1000,8000
262,174,92,22,*,92270112,,2620,1740,9200,2200
49,79,84,18,*,5852952,,4900,7900,8400,1800
92,55,61,81,*,25001460,,9200,5500,6100,8100
17,49,7,5,*,29155,,1700,4900,7000,5000
51,12,45,37,*,1018980,,5100,1200,4500,3700
5,9,567,962,*,24545430,,5000,9000,5670,9620
2,86,35,82,*,493640,,2000,8600,3500,8200
87,84,72,79,*,41567904,,8700,8400,7200,7900
122,721,643,18,*,1018072188,,1220,7210,6430,1800
58,17,91,463,*,41543138,,5800,1700,9100,4630
31,78,92,6,*,1334736,,3100,7800,9200,6000
3,24,899,559,*,36182952,,3000,2400,8990,5590
317,557,982,793,*,137498871094,,3170,5570,9820,7930
64,95,79,31,*,14889920,,6400,9500,7900,3100
831,559,688,65,*,20773736880,,8310,5590,6880,6500
55,6,6,4,*,7920,,5500,6000,6000,4000
34,75,146,846,*,314965800,,3400,7500,1460,8460
55,36,877,855,*,1484673300,,5500,3600,8770,8550
777,541,83,79,*,2756280849,,7770,5410,8300,7900
3,3,12,96,*,10368,,3000,3000,1200,9600
722,985,673,18,*,8615113380,,7220,9850,6730,1800
3,4,3,11,*,396,,3000,4000,3000,1100
37,54,65,1,*,129870,,3700,5400,6500,1000
66,82,94,51,*,25945128,,6600,8200,9400,5100
14,17,17,21,*,84966,,1400,1700,1700,2100
73,9,6,4,*,15768,,7300,9000,6000,4000
18,72,15,17,*,330480,,1800,7200,1500,1700
52,681,995,141,*,4968126540,,5200,6810,9950,1410
991,719,755,729,*,392172398955,,9910,7190,7550,7290
612,911,268,97,*,14493601872,,6120,9110,2680,9700
14,64,5,4,*,17920,,1400,6400,5000,4000
58,11,42,69,*,1848924,,5800,1100,4200,6900
29,46,57,297,*,22583286,,2900,4600,5700,2970
393,771,112,89,*,3020333904,,3930,7710,1120,8900
68,49,77,33,*,8466612,,6800,4900,7700,3300
465,722,794,983,*,262037936460,,4650,7220,7940,9830
36,87,77,59,*,14228676,,3600,8700,7700,5900
38,99,27,48,*,4875552,,3800,9900,2700,4800
7,7,83,86,*,349762,,7000,7000,8300,8600
458,589,593,8,*,1279750928,,4580,5890,5930,8000
89,364,835,767,*,20747856220,,8900,3640,8350,7670
28,41,79,76,*,6892592,,2800,4100,7900,7600
58,826,118,162,*,915809328,,5800,8260,1180,1620
39,96,5,5,*,93600,,3900,9600,5000,5000
735,892,836,2,*,1096196640,,7350,8920,8360,2000
512,936,69,2,*,66134016,,5120,9360,6900,2000
435,39,67,5,*,5683275,,4350,3900,6700,5000
8,17,33,37,*,166056,,8000,1700,3300,3700
64,26,78,5,*,648960,,6400,2600,7800,5000
35,63,8,3,*,52920,,3500,6300,8000,3000
29,99,28,52,*,4180176,,2900,9900,2800,5200
19,53,325,254,*,83127850,,1900,5300,3250,2540
74,414,168,832,*,4282177536,,7400,4140,1680,8320
6,87,376,568,*,111482496,,6000,8700,3760,5680
23,77,476,491,*,413911036,,2300,7700,4760,4910
99,61,3,4,*,72468,,9900,6100,3000,4000
216,248,266,59,*,840696192,,2160,2480,2660,5900
62,354,839,838,*,15431243736,,6200,3540,8390,8380
336,359,27,5,*,16284240,,3360,3590,2700,5000
912,947,8,8,*,55274496,,9120,9470,8000,8000
3,39,65,29,*,220545,,3000,3900,6500,2900
68,36,47,8,*,920448,,6800,3600,4700,8000
215,964,324,778,*,52244442720,,2150,9640,3240,7780
6,8,74,13,*,46176,,6000,8000,7400,1300
122,275,39,93,*,121685850,,1220,2750,3900,9300
23,43,16,55,*,870320,,2300,4300,1600,5500
71,24,97,32,*,5289216,,7100,2400,9700,3200
583,772,564,99,*,25130443536,,5830,7720,5640,9900
369,152,597,747,*,25012948392,,3690,1520,5970,7470
4,816,425,573,*,794865600,,4000,8160,4250,5730
12,16,66,92,*,1165824,,1200,1600,6600,9200
97,21,58,24,*,2835504,,9700,2100,5800,2400
2,6,75,42,*,37800,,2000,6000,7500,4200
95,81,92,394,*,278928360,,9500,8100,9200,3940
524,542,854,94,*,22799026208,,5240,5420,8540,9400
163,414,455,6,*,184225860,,1630,4140,4550,6000
8,5,4,89,*,14240,,8000,5000,4000,8900
87,45,18,46,*,3241620,,8700,4500,1800,4600
71,41,39,38,*,4314102,,7100,4100,3900,3800
8,86,424,185,*,53966720,,8000,8600,4240,1850
67,32,195,875,*,365820000,,6700,3200,1950,8750
54,28,37,81,*,4531464,,5400,2800,3700,8100
78,12,99,97,*,8988408,,7800,1200,9900,9700
53,642,616,138,*,2892482208,,5300,6420,6160,1380
1,4,15,19,*,1140,,1000,4000,1500,1900
6,3,7,89,*,11214,,6000,3000,7000,8900
62,235,288,894,*,3751367040,,6200,2350,2880,8940
6,8,65,74,*,230880,,6000,8000,6500,7400
4,35,57,88,*,702240,,4000,3500,5700,8800
8,2,91,46,*,66976,,8000,2000,9100,4600
665,413,651,5,*,893969475,,6650,4130,6510,5000
18,97,96,49,*,8213184,,1800,9700,9600,4900
47,58,23,73,*,4576954,,4700,5800,2300,7300
35,98,65,93,*,20734350,,3500,9800,6500,9300
3,35,23,84,*,202860,,3000,3500,2300,8400
667,667,569,383,*,96953325103,,6670,6670,5690,3830
4,8,39,22,*,27456,,4000,8000,3900,2200
51,42,37,84,*,6657336,,5100,4200,3700,8400
737,449,998,47,*,15521805178,,7370,4490,9980,4700
2,76,99,42,*,632016,,2000,7600,9900,4200
285,691,925,45,*,8197419375,,2850,6910,9250,4500
41,2,6,3,*,1476,,4100,2000,6000,3000
9,59,59,23,*,720567,,9000,5900,5900,2300
63,41,47,27,*,3277827,,6300,4100,4700,2700
76,119,198,533,*,954449496,,7600,1190,1980,5330
71,28,36,41,*,2934288,,7100,2800,3600,4100
2,33,63,44,*,182952,,2000,3300,6300,4400
87,938,925,122,*,9209237100,,8700,9380,9250,1220
235,197,433,73,*,1463338655,,2350,1970,4330,7300
48,14,93,6,*,374976,,4800,1400,9300,6000
1,47,76,737,*,2632564,,1000,4700,7600,7370
6,8,46,94,*,207552,,6000,8000,4600,9400
7,95,55,89,*,3255175,,7000,9500,5500,8900
8,1,1,26,*,208,,8000,1000,1000,2600
47,86,46,64,*,11899648,,4700,8600,4600,6400
336,744,68,37,*,628959744,,3360,7440,6800,3700
8,36,29,78,*,651456,,8000,3600,2900,7800
167,861,47,6,*,40547934,,1670,8610,4700,6000
479,261,191,842,*,20105805618,,4790,2610,1910,8420
15,43,83,58,*,3105030,,1500,4300,8300,5800
76,27,43,13,*,1147068,,7600,2700,4300,1300
917,229,913,287,*,55024675783,,9170,2290,9130,2870
811,41,81,15,*,40399965,,8110,4100,8100,1500
2,92,693,184,*,23462208,,2000,9200,6930,1840
325,541,926,4,*,651255800,,3250,5410,9260,4000
92,5,6,2,*,5520,,9200,5000,6000,2000
67,639,617,384,*,10143598464,,6700,6390,6170,3840
988,472,86,29,*,1163041984,,9880,4720,8600,2900
98,55,79,19,*,8090390,,9800,5500,7900,1900
52,11,18,71,*,731016,,5200,1100,1800,7100
13,62,46,44,*,1631344,,1300,6200,4600,4400
25,36,68,968,*,59241600,,2500,3600,6800,9680
16,91,15,29,*,633360,,1600,9100,1500,2900
35,68,4,6,*,57120,,3500,6800,4000,6000
8,52,29,391,*,4717024,,8000,5200,2900,3910
32,43,63,89,*,7715232,,3200,4300,6300,8900
44,49,11,25,*,592900,,4400,4900,1100,2500
31,63,5,5,*,48825,,3100,6300,5000,5000
417,835,9,2,*,6267510,,4170,8350,9000,2000
8,3,7,75,*,12600,,8000,3000,7000,7500
514,146,7,1,*,525308,,5140,1460,7000,1000
79,93,74,278,*,151142484,,7900,9300,7400,2780
5,38,616,989,*,115752560,,5000,3800,6160,9890
66,853,741,579,*,24154037622,,6600,8530,7410,5790
4,49,758,126,*,18719568,,4000,4900,7580,1260
1,2,49,77,*,7546,,1000,2000,4900,7700
32,84,79,63,*,13378176,,3200,8400,7900,6300
28,31,17,35,*,516460,,2800,3100,1700,3500
672,855,725,85,*,35407260000,,6720,8550,7250,8500
44,7,7,4,*,8624,,4400,7000,7000,4000
57,71,41,17,*,2820759,,5700,7100,4100,1700
77,34,63,1,*,164934,,7700,3400,6300,1000
3,65,33,61,*,392535,,3000,6500,3300,6100
374,643,219,74,*,3897251292,,3740,6430,2190,7400
928,216,47,79,*,744263424,,9280,2160,4700,7900
8,79,482,741,*,225726384,,8000,7900,4820,7410
9,3,82,56,*,123984,,9000,3000,8200,5600
586,554,813,775,*,204550068300,,5860,5540,8130,7750
98,38,9,6,*,201096,,9800,3800,9000,6000
626,476,223,49,*,3255983752,,6260,4760,2230,4900
78,51,87,46,*,15919956,,7800,5100,8700,4600
1,83,18,15,*,22410,,1000,8300,1800,1500
72,24,13,19,*,426816,,7200,2400,1300,1900
1,24,46,45,*,49680,,1000,2400,4600,4500
4,5,366,576,*,4216320,,4000,5000,3660,5760
57,48,74,915,*,185254560,,5700,4800,7400,9150
943,219,578,859,*,102536103534,,9430,2190,5780,8590
426,237,969,5,*,489160890,,4260,2370,9690,5000
85,49,15,22,*,1374450,,8500,4900,1500,2200
365,141,45,69,*,159798825,,3650,1410,4500,6900
648,394,49,9,*,112592592,,6480,3940,4900,9000
68,68,43,26,*,5169632,,6800,6800,4300,2600
11,16,16,1,*,2816,,1100,1600,1600,1000
97,468,489,636,*,14118337584,,9700,4680,4890,6360
31,937,998,948,*,27481482888,,3100,9370,9980,9480
36,249,666,624,*,3725294976,,3600,2490,6660,6240
26,45,97,5,*,567450,,2600,4500,9700,5000
678,627,465,46,*,9093017340,,6780,6270,4650,4600
53,32,22,8,*,298496,,5300,3200,2200,8000
491,255,635,2,*,159010350,,4910,2550,6350,2000
99,42,8,4,*,133056,,9900,4200,8000,4000
32,29,96,5,*,445440,,3200,2900,9600,5000
72,15,31,82,*,2745360,,7200,1500,3100,8200
31,28,28,26,*,631904,,3100,2800,2800,2600
58,837,176,772,*,6596042112,,5800,8370,1760,7720
53,93,18,7,*,621054,,5300,9300,1800,7000
5,1,272,461,*,626960,,5000,1000,2720,4610
8,6,41,96,*,188928,,8000,6000,4100,9600
936,618,715,626,*,258907540320,,9360,6180,7150,6260
84,81,97,5,*,3299940,,8400,8100,9700,5000
969,282,334,26,*,2372972472,,9690,2820,3340,2600
473,381,68,3,*,36763452,,4730,3810,6800,3000
34,95,23,4,*,297160,,3400,9500,2300,4000
172,239,49,19,*,38271548,,1720,2390,4900,1900
3,84,46,25,*,289800,,3000,8400,4600,2500
2,42,14,89,*,104664,,2000,4200,1400,8900
338,138,158,11,*,81067272,,3380,1380,1580,1100
7,88,33,77,*,1565256,,7000,8800,3300,7700
4,6,23,82,*,45264,,4000,6000,2300,8200
57,832,839,162,*,6445775232,,5700,8320,8390,1620
28,11,4,8,*,9856,,2800,1100,4000,8000
2,48,585,144,*,8087040,,2000,4800,5850,1440
82,43,8,7,*,197456,,8200,4300,8000,7000
8,389,125,158,*,61462000,,8000,3890,1250,1580
3,25,736,352,*,19430400,,3000,2500,7360,3520
838,718,852,287,*,147126178416,,8380,7180,8520,2870
68,56,17,66,*,4272576,,6800,5600,1700,6600
64,542,613,257,*,5464782208,,6400,5420,6130,2570
67,91,53,81,*,26174421,,6700,9100,5300,8100
42,41,38,73,*,4776828,,4200,4100,3800,7300
87,16,5,9,*,62640,,8700,1600,5000,9000
97,52,63,792,*,251675424,,9700,5200,6300,7920
529,82,7,5,*,1518230,,5290,8200,7000,5000
21,12,35,15,*,132300,,2100,1200,3500,1500
9,97,39,37,*,1259739,,9000,9700,3900,3700
3,845,487,673,*,830848785,,3000,8450,4870,6730
775,486,375,62,*,8757112500,,7750,4860,3750,6200
14,75,58,41,*,2496900,,1400,7500,5800,4100
14,178,746,434,*,806819888,,1400,1780,7460,4340
9,9,8,49,*,31752,,9000,9000,8000,4900
97,88,48,29,*,11882112,,9700,8800,4800,2900
57,97,13,5,*,359385,,5700,9700,1300,5000
686,911,212,487,*,64521924824,,6860,9110,2120,4870
97,139,351,646,*,3057216318,,9700,1390,3510,6460
234,894,113,556,*,13143366288,,2340,8940,1130,5560
217,228,628,21,*,652489488,,2170,2280,6280,2100
394,476,847,489,*,77677536552,,3940,4760,8470,4890
2,79,42,58,*,384888,,2000,7900,4200,5800
48,78,19,73,*,5192928,,4800,7800,1900,7300
26,24,8,4,*,19968,,2600,2400,8000,4000
63,25,161,668,*,169388100,,6300,2500,1610,6680
1,53,74,668,*,2619896,,1000,5300,7400,6680
99,46,26,91,*,10774764,,9900,4600,2600,9100
54,14,39,19,*,560196,,5400,1400,3900,1900
55,28,96,1,*,147840,,5500,2800,9600,1000
418,268,34,7,*,26661712,,4180,2680,3400,7000
438,699,773,89,*,21063027114,,4380,6990,7730,8900
84,84,55,97,*,37643760,,8400,8400,5500,9700
39,6,1,8,*,1872,,3900,6000,1000,8000
36,26,245,747,*,171302040,,3600,2600,2450,7470
787,924,786,141,*,80591337288,,7870,9240,7860,1410
623,285,851,89,*,13447838145,,6230,2850,8510,8900
6,2,943,744,*,8419104,,6000,2000,9430,7440
73,12,72,29,*,1829088,,7300,1200,7200,2900
439,29,12,25,*,3819300,,4390,2900,1200,2500
83,41,94,89,*,28469498,,8300,4100,9400,8900
9,64,88,21,*,1064448,,9000,6400,8800,2100
87,12,26,63,*,1710072,,8700,1200,2600,6300
32,12,24,93,*,857088,,3200,1200,2400,9300
81,36,74,16,*,3452544,,8100,3600,7400,1600
722,993,89,31,*,1978054014,,7220,9930,8900,3100
9,4,24,99,*,85536,,9000,4000,2400,9900
467,751,886,891,*,276865118442,,4670,7510,8860,8910
49,86,87,13,*,4766034,,4900,8600,8700,1300
15,642,788,693,*,5258788920,,1500,6420,7880,6930
239,545,839,2,*,218567890,,2390,5450,8390,2000
82,12,856,223,*,187833792,,8200,1200,8560,2230
884,368,93,1,*,30254016,,8840,3680,9300,1000
2,78,221,841,*,28994316,,2000,7800,2210,8410
643,175,169,6,*,114100350,,6430,1750,1690,6000
72,94,382,921,*,2381131296,,7200,9400,3820,9210
14,97,655,819,*,728492310,,1400,9700,6550,8190
363,267,4,1,*,387684,,3630,2670,4000,1000
24,53,76,14,*,1353408,,2400,5300,7600,1400
8,29,376,334,*,29135488,,8000,2900,3760,3340
88,47,82,48,*,16279296,,8800,4700,8200,4800
8,4,867,271,*,7518624,,8000,4000,8670,2710
565,371,345,931,*,67327289925,,5650,3710,3450,9310
44,61,12,27,*,869616,,4400,6100,1200,2700
77,93,22,6,*,945252,,7700,9300,2200,6000
32,26,58,7,*,337792,,3200,2600,5800,7000
9,3,74,89,*,177822,,9000,3000,7400,8900
23,77,95,97,*,16319765,,2300,7700,9500,9700
126,819,815,493,*,41462833230,,1260,8190,8150,4930
7,87,659,735,*,294978285,,7000,8700,6590,7350
5,88,18,33,*,261360,,5000,8800,1800,3300
133,712,135,696,*,8897636160,,1330,7120,1350,6960
832,162,91,77,*,944431488,,8320,1620,9100,7700
1,268,971,764,*,198814192,,1000,2680,9710,7640
1,21,83,32,*,55776,,1000,2100,8300,3200
7,74,228,991,*,117041064,,7000,7400,2280,9910
7,17,49,42,*,244902,,7000,1700,4900,4200
3,1,74,31,*,6882,,3000,1000,7400,3100
624,273,624,14,*,1488195072,,6240,2730,6240,1400
18,81,56,16,*,1306368,,1800,8100,5600,1600
12,75,55,6,*,297000,,1200,7500,5500,6000
22,67,31,57,*,2604558,,2200,6700,3100,5700
989,299,783,438,*,101415270294,,9890,2990,7830,4380
45,86,35,94,*,12732300,,4500,8600,3500,9400
728,416,768,622,*,144669278208,,7280,4160,7680,6220
31,43,9,7,*,83979,,3100,4300,9000,7000
981,956,374,9,*,3156755976,,9810,9560,3740,9000
55,17,64,52,*,3111680,,5500,1700,6400,5200
92,63,59,25,*,8549100,,9200,6300,5900,2500
3,92,96,59,*,1563264,,3000,9200,9600,5900
72,86,47,88,*,25610112,,7200,8600,4700,8800
416,495,349,82,*,5893018560,,4160,4950,3490,8200
185,284,351,992,*,18294007680,,1850,2840,3510,9920
27,14,18,39,*,265356,,2700,1400,1800,3900
68,94,7,2,*,89488,,6800,9400,7000,2000
9,25,362,711,*,57910950,,9000,2500,3620,7110
65,638,625,849,*,22005018750,,6500,6380,6250,8490
7,9,752,131,*,6206256,,7000,9000,7520,1310
426,131,763,829,*,35298801762,,4260,1310,7630,8290
869,482,236,897,*,88668887736,,8690,4820,2360,8970
1,13,51,82,*,54366,,1000,1300,5100,8200
57,23,638,415,*,347113470,,5700,2300,6380,4150
36,34,79,27,*,2610792,,3600,3400,7900,2700
268,169,266,713,*,8589990136,,2680,1690,2660,7130
97,79,84,91,*,58575972,,9700,7900,8400,9100
1,84,47,18,*,71064,,1000,8400,4700,1800
56,69,7,2,*,54096,,5600,6900,7000,2000
976,152,96,24,*,341803008,,9760,1520,9600,2400
2,43,68,373,*,2181304,,2000,4300,6800,3730
42,28,43,94,*,4753392,,4200,2800,4300,9400
574,966,737,667,*,272572690236,,5740,9660,7370,6670
386,18,96,8,*,5336064,,3860,1800,9600,8000
433,194,732,248,*,15249387072,,4330,1940,7320,2480
142,598,98,72,*,599167296,,1420,5980,9800,7200
913,685,637,9,*,3585446865,,9130,6850,6370,9000
885,136,156,566,*,10627306560,,8850,1360,1560,5660
613,371,112,355,*,9042338480,,6130,3710,1120,3550
3,26,91,66,*,468468,,3000,2600,9100,6600
146,649,48,62,*,281987904,,1460,6490,4800,6200
5,1,81,32,*,12960,,5000,1000,8100,3200
8,73,53,69,*,2135688,,8000,7300,5300,6900
4,5,2,94,*,3760,,4000,5000,2000,9400
19,24,73,8,*,266304,,1900,2400,7300,8000
47,59,11,5,*,152515,,4700,5900,1100,5000
2,984,474,153,*,142723296,,2000,9840,4740,1530
62,736,443,852,*,17223159552,,6200,7360,4430,8520
939,761,72,6,*,308698128,,9390,7610,7200,6000
1,99,98,77,*,747054,,1000,9900,9800,7700
382,365,532,87,*,6453378120,,3820,3650,5320,8700
543,537,41,2,*,23910462,,5430,5370,4100,2000
1,6,94,89,*,50196,,1000,6000,9400,8900
89,85,53,64,*,25660480,,8900,8500,5300,6400
77,58,27,42,*,5064444,,7700,5800,2700,4200
5,1,37,915,*,169275,,5000,1000,3700,9150
5,8,378,832,*,12579840,,5000,8000,3780,8320
18,99,25,77,*,3430350,,1800,9900,2500,7700
2,4,45,14,*,5040,,2000,4000,4500,1400
852,343,122,155,*,5526182760,,8520,3430,1220,1550
252,563,264,64,*,2397136896,,2520,5630,2640,6400
787,623,261,582,*,74477702502,,7870,6230,2610,5820
87,53,888,998,*,4086378864,,8700,5300,8880,9980
7,46,53,87,*,1484742,,7000,4600,5300,8700
6,17,45,53,*,243270,,6000,1700,4500,5300
1,8,29,87,*,20184,,1000,8000,2900,8700
23,38,26,939,*,21337836,,2300,3800,2600,9390
841,385,138,19,*,848964270,,8410,3850,1380,1900
93,42,25,24,*,2343600,,9300,4200,2500,2400
48,67,5,6,*,96480,,4800,6700,5000,6000
33,68,972,835,*,1821275280,,3300,6800,9720,8350
287,62,92,7,*,11459336,,2870,6200,9200,7000
35,96,33,24,*,2661120,,3500,9600,3300,2400
92,58,292,269,*,419132128,,9200,5800,2920,2690
54,97,34,97,*,17274924,,5400,9700,3400,9700
6,4,74,73,*,129648,,6000,4000,7400,7300
1,5,58,39,*,11310,,1000,5000,5800,3900
2,6,77,79,*,72996,,2000,6000,7700,7900
1,4,261,256,*,267264,,1000,4000,2610,2560
335,97,29,69,*,65022495,,3350,9700,2900,6900
678,144,541,163,*,8609482656,,6780,1440,5410,1630
52,663,966,487,*,16218958392,,5200,6630,9660,4870
1,1,84,77,*,6468,,1000,1000,8400,7700
648,219,15,94,*,200095920,,6480,2190,1500,9400
23,243,945,194,*,1024631370,,2300,2430,9450,1940
71,21,98,74,*,10812732,,7100,2100,9800,7400
19,97,31,59,*,3370847,,1900,9700,3100,5900
45,82,77,55,*,15627150,,4500,8200,7700,5500
368,599,34,2,*,14989376,,3680,5990,3400,2000
94,63,35,57,*,11814390,,9400,6300,3500,5700
8,3,8,45,*,8640,,8000,3000,8000,4500
42,88,81,8,*,2395008,,4200,8800,8100,8000
2,89,62,46,*,507656,,2000,8900,6200,4600
8,4,32,329,*,336896,,8000,4000,3200,3290
978,973,812,752,*,581066134656,,9780,9730,8120,7520
248,617,827,27,*,3416694264,,2480,6170,8270,2700
8,697,569,771,*,2446185624,,8000,6970,5690,7710
12,95,51,1,*,58140,,1200,9500,5100,1000
41,24,99,35,*,3409560,,4100,2400,9900,3500
871,552,795,3,*,1146688920,,8710,5520,7950,3000
578,688,338,88,*,11828118016,,5780,6880,3380,8800
54,94,18,25,*,2284200,,5400,9400,1800,2500
18,55,19,45,*,846450,,1800,5500,1900,4500
68,46,79,16,*,3953792,,6800,4600,7900,1600
11,54,82,78,*,3799224,,1100,5400,8200,7800
78,44,65,2,*,446160,,7800,4400,6500,2000
33,95,28,31,*,2721180,,3300,9500,2800,3100
136,825,53,38,*,225970800,,1360,8250,5300,3800
865,821,446,653,*,206827034270,,8650,8210,4460,6530
71,65,69,34,*,10826790,,7100,6500,6900,3400
5,8,899,296,*,10644160,,5000,8000,8990,2960
985,349,366,63,*,7926533370,,9850,3490,3660,6300
48,43,3,8,*,49536,,4800,4300,3000,8000
64,329,317,875,+,1585,,6400,3290,3170,8750
656,37,79,4,+,776,,6560,3700,7900,4000
3657,8361,4585,91,+,16694,,3657,8361,4585,9100
3125,5537,6789,358,+,15809,,3125,5537,6789,3580
22,121,268,278,+,689,,2200,1210,2680,2780
11,746,483,254,+,1494,,1100,7460,4830,2540
8,184,185,946,+,1323,,8000,1840,1850,9460
53,67,424,727,+,1271,,5300,6700,4240,7270
3,21,92,34,+,150,,3000,2100,9200,3400
36,478,728,591,+,1833,,3600,4780,7280,5910
35,435,843,797,+,2110,,3500,4350,8430,7970
865,66,42,36,+,1009,,8650,6600,4200,3600
675,86,83,4,+,848,,6750,8600,8300,4000
2913,5934,488,199,+,9534,,2913,5934,4880,1990
77,65,67,32,+,241,,7700,6500,6700,3200
7439,4514,4156,642,+,16751,,7439,4514,4156,6420
24,32,99,6,+,161,,2400,3200,9900,6000
2,75,329,468,+,874,,2000,7500,3290,4680
5,69,76,92,+,242,,5000,6900,7600,9200
892,529,1668,6588,+,9677,,8920,5290,1668,6588
67,94,99,5716,+,5976,,6700,9400,9900,5716
79,92,39,35,+,245,,7900,9200,3900,3500
47,71,32,63,+,213,,4700,7100,3200,6300
284,462,7849,4891,+,13486,,2840,4620,7849,4891
9,48,59,16,+,132,,9000,4800,5900,1600
51,77,46,4,+,178,,5100,7700,4600,4000
28,77,7,2,+,114,,2800,7700,7000,2000
7154,3586,9735,8941,+,29416,,7154,3586,9735,8941
4679,2455,8639,21,+,15794,,4679,2455,8639,2100
7,37,133,266,+,443,,7000,3700,1330,2660
8135,1521,942,62,+,10660,,8135,1521,9420,6200
25,444,734,211,+,1414,,2500,4440,7340,2110
6,67,31,1746,+,1850,,6000,6700,3100,1746
1227,1521,3969,55,+,6772,,1227,1521,3969,5500
85,21,96,86,+,288,,8500,2100,9600,8600
44,71,95,58,+,268,,4400,7100,9500,5800
183,876,912,51,+,2022,,1830,8760,9120,5100
7,98,966,7535,+,8606,,7000,9800,9660,7535
66,74,19,77,+,236,,6600,7400,1900,7700
84,32,37,69,+,222,,8400,3200,3700,6900
528,67,24,99,+,718,,5280,6700,2400,9900
97,6,3,2,+,108,,9700,6000,3000,2000
779,598,17,69,+,1463,,7790,5980,1700,6900
291,536,2696,1936,+,5459,,2910,5360,2696,1936
131,262,719,57,+,1169,,1310,2620,7190,5700
5293,6215,2791,6734,+,21033,,5293,6215,2791,6734
2855,8731,1578,938,+,14102,,2855,8731,1578,9380
45,46,17,73,+,181,,4500,4600,1700,7300
46,71,38,86,+,241,,4600,7100,3800,8600
7836,7775,353,37,+,16001,,7836,7775,3530,3700
19,926,3688,4886,+,9519,,1900,9260,3688,4886
616,894,56,3,+,1569,,6160,8940,5600,3000
73,84,71,6,+,234,,7300,8400,7100,6000
4746,3366,7282,67,+,15461,,4746,3366,7282,6700
3843,6737,9773,79,+,20432,,3843,6737,9773,7900
926,852,67,7,+,1852,,9260,8520,6700,7000
644,637,59,4,+,1344,,6440,6370,5900,4000
9826,1931,989,59,+,12805,,9826,1931,9890,5900
25,58,58,63,+,204,,2500,5800,5800,6300
8242,13,54,52,+,8361,,8242,1300,5400,5200
2,4,15,18,+,39,,2000,4000,1500,1800
91,78,36,27,+,232,,9100,7800,3600,2700
7,83,83,52,+,225,,7000,8300,8300,5200
4,44,67,96,+,211,,4000,4400,6700,9600
183,569,766,898,+,2416,,1830,5690,7660,8980
4,91,95,32,+,222,,4000,9100,9500,3200
5,16,74,48,+,143,,5000,1600,7400,4800
6447,2784,8863,925,+,19019,,6447,2784,8863,9250
66,23,44,48,+,181,,6600,2300,4400,4800
419,858,522,247,+,2046,,4190,8580,5220,2470
3,788,1128,6991,+,8910,,3000,7880,1128,6991
34,46,13,1,+,94,,3400,4600,1300,1000
1593,386,288,76,+,2343,,1593,3860,2880,7600
5,8,61,13,+,87,,5000,8000,6100,1300
35,63,17,25,+,140,,3500,6300,1700,2500
91,46,16,3,+,156,,9100,4600,1600,3000
15,19,39,3,+,76,,1500,1900,3900,3000
727,5793,8292,9211,+,24023,,7270,5793,8292,9211
1342,6517,2233,4,+,10096,,1342,6517,2233,4000
1291,975,676,321,+,3263,,1291,9750,6760,3210
6,6,35,96,+,143,,6000,6000,3500,9600
4,99,17,45,+,165,,4000,9900,1700,4500
3,69,811,789,+,1672,,3000,6900,8110,7890
261,148,38,9,+,456,,2610,1480,3800,9000
7,789,123,835,+,1754,,7000,7890,1230,8350
46,689,143,232,+,1110,,4600,6890,1430,2320
79,98,35,7,+,219,,7900,9800,3500,7000
6345,8411,8614,761,+,24131,,6345,8411,8614,7610
982,691,929,24,+,2626,,9820,6910,9290,2400
4281,5636,7462,69,+,17448,,4281,5636,7462,6900
231,796,254,53,+,1334,,2310,7960,2540,5300
4792,718,83,54,+,5647,,4792,7180,8300,5400
37,57,61,83,+,238,,3700,5700,6100,8300
8825,4154,3731,5836,+,22546,,8825,4154,3731,5836
56,36,7,2,+,101,,5600,3600,7000,2000
7,13,44,83,+,147,,7000,1300,4400,8300
21,38,99,19,+,177,,2100,3800,9900,1900
9263,5213,6,5,+,14487,,9263,5213,6000,5000
35,16,31,3,+,85,,3500,1600,3100,3000
962,293,12,91,+,1358,,9620,2930,1200,9100
127,926,5867,4546,+,11466,,1270,9260,5867,4546
68,458,7111,2484,+,10121,,6800,4580,7111,2484
45,367,579,169,+,1160,,4500,3670,5790,1690
25,12,1719,1467,+,3223,,2500,1200,1719,1467
164,9257,5147,1523,+,16091,,1640,9257,5147,1523
7256,5747,9674,56,+,22733,,7256,5747,9674,5600
44,98,7314,2734,+,10190,,4400,9800,7314,2734
54,99,11,95,+,259,,5400,9900,1100,9500
84,21,33,73,+,211,,8400,2100,3300,7300
12,62,284,211,+,569,,1200,6200,2840,2110
62,29,73,53,+,217,,6200,2900,7300,5300
3153,82,88,37,+,3360,,3153,8200,8800,3700
5766,1251,4495,8535,+,20047,,5766,1251,4495,8535
3,87,39,63,+,192,,3000,8700,3900,6300
7,826,174,1297,+,2304,,7000,8260,1740,1297
871,555,195,544,+,2165,,8710,5550,1950,5440
27,442,175,769,+,1413,,2700,4420,1750,7690
1,91,44,56,+,192,,1000,9100,4400,5600
91,58,63,55,+,267,,9100,5800,6300,5500
856,66,68,93,+,1083,,8560,6600,6800,9300
7,85,66,66,+,224,,7000,8500,6600,6600
73,22,82,82,+,259,,7300,2200,8200,8200
53,4493,6647,8623,+,19816,,5300,4493,6647,8623
579,277,21,46,+,923,,5790,2770,2100,4600
822,234,521,352,+,1929,,8220,2340,5210,3520
2,72,36,59,+,169,,2000,7200,3600,5900
479,593,816,23,+,1911,,4790,5930,8160,2300
817,786,455,7855,+,9913,,8170,7860,4550,7855
1516,1818,4644,8899,+,16877,,1516,1818,4644,8899
313,563,385,467,+,1728,,3130,5630,3850,4670
155,33,5,9,+,202,,1550,3300,5000,9000
7,953,496,279,+,1735,,7000,9530,4960,2790
4,58,785,634,+,1481,,4000,5800,7850,6340
9676,6834,817,86,+,17413,,9676,6834,8170,8600
295,711,476,983,+,2465,,2950,7110,4760,9830
21,84,92,41,+,238,,2100,8400,9200,4100
72,82,95,89,+,338,,7200,8200,9500,8900
6,28,239,552,+,825,,6000,2800,2390,5520
56,12,24,7,+,99,,5600,1200,2400,7000
77,273,489,6761,+,7600,,7700,2730,4890,6761
86,52,89,6,+,233,,8600,5200,8900,6000
888,355,362,729,+,2334,,8880,3550,3620,7290
7,87,76,17,+,187,,7000,8700,7600,1700
9836,4347,4581,53,+,18817,,9836,4347,4581,5300
6143,1464,5826,644,+,14077,,6143,1464,5826,6440
8342,6332,384,72,+,15130,,8342,6332,3840,7200
54,18,41,63,+,176,,5400,1800,4100,6300
16,24,9871,1259,+,11170,,1600,2400,9871,1259
99,587,522,536,+,1744,,9900,5870,5220,5360
9234,7862,7992,758,+,25846,,9234,7862,7992,7580
68,3586,9279,3469,+,16402,,6800,3586,9279,3469
59,46,21,88,+,214,,5900,4600,2100,8800
5,9,22,99,+,135,,5000,9000,2200,9900
71,75,81,53,+,280,,7100,7500,8100,5300
89,64,21,26,+,200,,8900,6400,2100,2600
1815,3839,9868,75,+,15597,,1815,3839,9868,7500
8,873,762,4164,+,5807,,8000,8730,7620,4164
47,178,566,8839,+,9630,,4700,1780,5660,8839
943,369,7339,5633,+,14284,,9430,3690,7339,5633
12,139,625,895,+,1671,,1200,1390,6250,8950
5,479,286,164,+,934,,5000,4790,2860,1640
9944,5171,428,32,+,15575,,9944,5171,4280,3200
25,5,8,8,+,46,,2500,5000,8000,8000
2,6,899,969,+,1876,,2000,6000,8990,9690
2884,3955,376,95,+,7310,,2884,3955,3760,9500
13,391,7675,3235,+,11314,,1300,3910,7675,3235
96,88,26,75,+,285,,9600,8800,2600,7500
36,84,28,24,+,172,,3600,8400,2800,2400
14,46,72,99,+,231,,1400,4600,7200,9900
5,7,85,25,+,122,,5000,7000,8500,2500
9,2681,1548,4899,+,9137,,9000,2681,1548,4899
61,96,894,6921,+,7972,,6100,9600,8940,6921
1682,8863,48,98,+,10691,,1682,8863,4800,9800
785,679,939,585,+,2988,,7850,6790,9390,5850
2,94,56,46,+,198,,2000,9400,5600,4600
4652,6497,7926,8599,+,27674,,4652,6497,7926,8599
13,29,81,7,+,130,,1300,2900,8100,7000
65,96,43,11,+,215,,6500,9600,4300,1100
4,25,16,87,+,132,,4000,2500,1600,8700
3,636,685,6748,+,8072,,3000,6360,6850,6748
1383,3244,6853,334,+,11814,,1383,3244,6853,3340
9,63,77,96,+,245,,9000,6300,7700,9600
7,3,3,69,+,82,,7000,3000,3000,6900
67,84,3,1,+,155,,6700,8400,3000,1000
6,1,43,29,+,79,,6000,1000,4300,2900
82,17,28,4,+,131,,8200,1700,2800,4000
1,22,365,135,+,523,,1000,2200,3650,1350
95,375,792,773,+,2035,,9500,3750,7920,7730
2525,3138,634,159,+,6456,,2525,3138,6340,1590
9494,7233,4397,497,+,21621,,9494,7233,4397,4970
9385,535,72,8,+,10000,,9385,5350,7200,8000
4,97,13,46,+,160,,4000,9700,1300,4600
4324,6986,98,1,+,11409,,4324,6986,9800,1000
775,417,9618,3623,+,14433,,7750,4170,9618,3623
3528,2414,488,564,+,6994,,3528,2414,4880,5640
34,82,91,3,+,210,,3400,8200,9100,3000
96,8,7,2,+,113,,9600,8000,7000,2000
345,847,1161,9997,+,12350,,3450,8470,1161,9997
348,624,924,3889,+,5785,,3480,6240,9240,3889
1587,5586,4555,323,+,12051,,1587,5586,4555,3230
188,3953,4633,4895,+,13669,,1880,3953,4633,4895
251,342,352,523,+,1468,,2510,3420,3520,5230
58,78,62,144,+,342,,5800,7800,6200,1440
3719,2815,2682,7713,+,16929,,3719,2815,2682,7713
6495,3348,8878,7,+,18728,,6495,3348,8878,7000
1125,771,625,8,+,2529,,1125,7710,6250,8000
32,175,581,551,+,1339,,3200,1750,5810,5510
91,29,27,9,+,156,,9100,2900,2700,9000
24,71,23,3,+,121,,2400,7100,2300,3000
4,64,88,63,+,219,,4000,6400,8800,6300
23,2118,4732,7589,+,14462,,2300,2118,4732,7589
4195,2251,1375,5883,+,13704,,4195,2251,1375,5883
234,394,849,175,+,1652,,2340,3940,8490,1750
5,61,12,85,+,163,,5000,6100,1200,8500
964,453,466,878,+,2761,,9640,4530,4660,8780
45,28,72,14,+,159,,4500,2800,7200,1400
9424,8151,8676,414,+,26665,,9424,8151,8676,4140
5743,5246,8561,878,+,20428,,5743,5246,8561,8780
4325,3914,631,48,+,8918,,4325,3914,6310,4800
29,47,22,88,+,186,,2900,4700,2200,8800
97,27,75,25,+,224,,9700,2700,7500,2500
8,2,24,57,+,91,,8000,2000,2400,5700
676,624,42,9,+,1351,,6760,6240,4200,9000
52,94,21,95,+,262,,5200,9400,2100,9500
412,3187,8554,9156,+,21309,,4120,3187,8554,9156
62,57,7167,4836,+,12122,,6200,5700,7167,4836
353,367,826,225,+,1771,,3530,3670,8260,2250
9,3,6,78,+,96,,9000,3000,6000,7800
8434,1475,141,59,+,10109,,8434,1475,1410,5900
912,41,73,24,+,1050,,9120,4100,7300,2400
22,87,99,5,+,213,,2200,8700,9900,5000
97,14,537,234,+,882,,9700,1400,5370,2340
7679,866,537,744,+,9826,,7679,8660,5370,7440
49,95,53,56,+,253,,4900,9500,5300,5600
6711,2732,472,381,+,10296,,6711,2732,4720,3810
685,726,447,54,+,1912,,6850,7260,4470,5400
8995,2696,923,923,+,13537,,8995,2696,9230,9230
42,56,7153,7427,+,14678,,4200,5600,7153,7427
79,325,1849,8756,+,11009,,7900,3250,1849,8756
41,4559,2335,2288,+,9223,,4100,4559,2335,2288
4715,7644,824,92,+,13275,,4715,7644,8240,9200
3,85,236,533,+,857,,3000,8500,2360,5330
7874,3322,7915,459,+,19570,,7874,3322,7915,4590
64,56,95,4,+,219,,6400,5600,9500,4000
524,248,731,555,+,2058,,5240,2480,7310,5550
3747,7221,1313,674,+,12955,,3747,7221,1313,6740
3,3,96,2941,+,3043,,3000,3000,9600,2941
59,36,87,86,+,268,,5900,3600,8700,8600
8,569,178,743,+,1498,,8000,5690,1780,7430
82,8758,7393,3722,+,19955,,8200,8758,7393,3722
381,197,646,387,+,1611,,3810,1970,6460,3870
7,86,57,76,+,226,,7000,8600,5700,7600
159,172,645,225,+,1201,,1590,1720,6450,2250
5,17,767,591,+,1380,,5000,1700,7670,5910
84,61,17,25,+,187,,8400,6100,1700,2500
13,21,29,6,+,69,,1300,2100,2900,6000
41,74,68,57,+,240,,4100,7400,6800,5700
51,41,29,9,+,130,,5100,4100,2900,9000
244,394,358,647,+,1643,,2440,3940,3580,6470
2678,9921,47,47,+,12693,,2678,9921,4700,4700
7,22,894,873,+,1796,,7000,2200,8940,8730
82,62,98,77,+,319,,8200,6200,9800,7700
78,64,14,18,+,174,,7800,6400,1400,1800
85,88,81,2,+,256,,8500,8800,8100,2000
74,29,46,24,+,173,,7400,2900,4600,2400
3644,7514,393,69,+,11620,,3644,7514,3930,6900
58,37,69,5,+,169,,5800,3700,6900,5000
6,81,413,768,+,1268,,6000,8100,4130,7680
737,658,17,5,+,1417,,7370,6580,1700,5000
2,83,816,8763,+,9664,,2000,8300,8160,8763
861,36,18,89,+,1004,,8610,3600,1800,8900
886,571,971,417,+,2845,,8860,5710,9710,4170
23,81,687,228,+,1019,,2300,8100,6870,2280
7887,464,67,38,+,8456,,7887,4640,6700,3800
2515,6846,7232,6667,+,23260,,2515,6846,7232,6667
643,692,912,6,+,2253,,6430,6920,9120,6000
14,48,68,84,+,214,,1400,4800,6800,8400
735,641,242,79,+,1697,,7350,6410,2420,7900
84,623,799,4869,+,6375,,8400,6230,7990,4869
8,4,91,23,+,126,,8000,4000,9100,2300
598,895,913,911,+,3317,,5980,8950,9130,9110
5992,6345,455,6,+,12798,,5992,6345,4550,6000
1139,3174,1728,7545,+,13586,,1139,3174,1728,7545
52,64,29,36,+,181,,5200,6400,2900,3600
35,56,55,7495,+,7641,,3500,5600,5500,7495
61,12,86,8,+,167,,6100,1200,8600,8000
388,863,841,17,+,2109,,3880,8630,8410,1700
3475,3845,56,95,+,7471,,3475,3845,5600,9500
5272,2781,5114,4269,+,17436,,5272,2781,5114,4269
374,5534,3739,5515,+,15162,,3740,5534,3739,5515
86,775,593,288,+,1742,,8600,7750,5930,2880
2,93,416,723,+,1234,,2000,9300,4160,7230
2,38,327,534,+,901,,2000,3800,3270,5340
4765,7238,5417,731,+,18151,,4765,7238,5417,7310
29,29,63,2,+,123,,2900,2900,6300,2000
6751,2227,9312,261,+,18551,,6751,2227,9312,2610
76,32,72,52,+,232,,7600,3200,7200,5200
8,89,11,47,+,155,,8000,8900,1100,4700
344,334,533,3896,+,5107,,3440,3340,5330,3896
5835,8214,3342,921,+,18312,,5835,8214,3342,9210
5,394,1296,4145,+,5840,,5000,3940,1296,4145
235,796,1421,1962,+,4414,,2350,7960,1421,1962
17,42,86,18,+,163,,1700,4200,8600,1800
14,74,82,26,+,196,,1400,7400,8200,2600
17,748,776,6532,+,8073,,1700,7480,7760,6532
13,69,88,14,+,184,,1300,6900,8800,1400
3883,9422,513,811,+,14629,,3883,9422,5130,8110
5,65,11,66,+,147,,5000,6500,1100,6600
93,96,1,6,+,196,,9300,9600,1000,6000
5848,6625,1258,714,+,14445,,5848,6625,1258,7140
577,794,161,585,+,2117,,5770,7940,1610,5850
229,759,772,8,+,1768,,2290,7590,7720,8000
5368,2192,73,74,+,7707,,5368,2192,7300,7400
2247,1533,971,84,+,4835,,2247,1533,9710,8400
969,276,947,2,+,2194,,9690,2760,9470,2000
622,983,322,18,+,1945,,6220,9830,3220,1800
21,13,2,8,+,44,,2100,1300,2000,8000
19,746,6256,4497,+,11518,,1900,7460,6256,4497
732,377,191,3,+,1303,,7320,3770,1910,3000
756,859,41,23,+,1679,,7560,8590,4100,2300
3482,8941,421,183,+,13027,,3482,8941,4210,1830
866,181,395,89,+,1531,,8660,1810,3950,8900
18,237,489,552,+,1296,,1800,2370,4890,5520
42,86,75,59,+,262,,4200,8600,7500,5900
1,56,166,894,+,1117,,1000,5600,1660,8940
1349,9898,5188,33,+,16468,,1349,9898,5188,3300
7,869,213,322,+,1411,,7000,8690,2130,3220
7,11,2554,7582,+,10154,,7000,1100,2554,7582
8415,2568,5929,19,+,16931,,8415,2568,5929,1900
232,4471,3736,2874,+,11313,,2320,4471,3736,2874
1263,2833,9673,17,+,13786,,1263,2833,9673,1700
29,82,45,68,+,224,,2900,8200,4500,6800
1429,7796,5417,852,+,15494,,1429,7796,5417,8520
83,92,2,9,+,186,,8300,9200,2000,9000
2,11,86,66,+,165,,2000,1100,8600,6600
696,5877,7529,1626,+,15728,,6960,5877,7529,1626
7615,6841,8839,6565,+,29860,,7615,6841,8839,6565
8,1,238,542,+,789,,8000,1000,2380,5420
61,21,3,9,+,94,,6100,2100,3000,9000
7592,8625,658,47,+,16922,,7592,8625,6580,4700
4182,2786,6,1,+,6975,,4182,2786,6000,1000
95,72,49,12,+,228,,9500,7200,4900,1200
38,861,544,521,+,1964,,3800,8610,5440,5210
78,52,35,13,+,178,,7800,5200,3500,1300
6341,5242,37,5,+,11625,,6341,5242,3700,5000
84,36,82,53,+,255,,8400,3600,8200,5300
66,52,847,942,+,1907,,6600,5200,8470,9420
25,695,3938,3477,+,8135,,2500,6950,3938,3477
6789,3287,2995,291,+,13362,,6789,3287,2995,2910
85,48,244,6411,+,6788,,8500,4800,2440,6411
382,773,3968,5696,+,10819,,3820,7730,3968,5696
73,5716,3496,3636,+,12921,,7300,5716,3496,3636
973,979,498,97,+,2547,,9730,9790,4980,9700
9627,745,186,68,+,10626,,9627,7450,1860,6800
948,632,893,16,+,2489,,9480,6320,8930,1600
5,82,55,11,+,153,,5000,8200,5500,1100
4,63,453,356,+,876,,4000,6300,4530,3560
717,867,889,695,+,3168,,7170,8670,8890,6950
84,88,81,77,+,330,,8400,8800,8100,7700
5,4,48,66,+,123,,5000,4000,4800,6600
4,8,32,92,+,136,,4000,8000,3200,9200
3278,7769,12,6,+,11065,,3278,7769,1200,6000
963,681,33,8,+,1685,,9630,6810,3300,8000
87,11,8,8,+,114,,8700,1100,8000,8000
52,22,39,43,+,156,,5200,2200,3900,4300
361,261,24,82,+,728,,3610,2610,2400,8200
38,69,59,34,+,200,,3800,6900,5900,3400
964,858,663,31,+,2516,,9640,8580,6630,3100
1176,8525,5141,34,+,14876,,1176,8525,5141,3400
8857,3257,1965,89,+,14168,,8857,3257,1965,8900
5,44,44,58,+,151,,5000,4400,4400,5800
8,83,16,59,+,166,,8000,8300,1600,5900
15,35,49,4,+,103,,1500,3500,4900,4000
61,99,19,84,+,263,,6100,9900,1900,8400
3,2,23,99,+,127,,3000,2000,2300,9900
63,18,51,733,+,865,,6300,1800,5100,7330
422,35,57,1,+,515,,4220,3500,5700,1000
4795,2218,3752,67,+,10832,,4795,2218,3752,6700
3,75,98,23,+,199,,3000,7500,9800,2300
9,8231,1152,3636,+,13028,,9000,8231,1152,3636
12,23,85,93,+,213,,1200,2300,8500,9300
66,88,6,8,+,168,,6600,8800,6000,8000
339,525,387,89,+,1340,,3390,5250,3870,8900
61,23,13,1,+,98,,6100,2300,1300,1000
35,38,42,47,+,162,,3500,3800,4200,4700
47,61,85,13,+,206,,4700,6100,8500,1300
157,624,165,779,+,1725,,1570,6240,1650,7790
5,5,89,91,+,190,,5000,5000,8900,9100
939,678,71,9,+,1697,,9390,6780,7100,9000
4655,4958,4418,3782,+,17813,,4655,4958,4418,3782
586,769,158,886,+,2399,,5860,7690,1580,8860
74,121,281,245,+,721,,7400,1210,2810,2450
15,63,14,62,+,154,,1500,6300,1400,6200
7,92,66,57,+,222,,7000,9200,6600,5700
242,723,23,87,+,1075,,2420,7230,2300,8700
8372,593,276,21,+,9262,,8372,5930,2760,2100
54,99,3,2,+,158,,5400,9900,3000,2000
3662,364,618,55,+,4699,,3662,3640,6180,5500
75,466,185,339,+,1065,,7500,4660,1850,3390
14,81,72,43,+,210,,1400,8100,7200,4300
91,843,526,712,+,2172,,9100,8430,5260,7120
33,93,98,1,+,225,,3300,9300,9800,1000
68,24,67,44,+,203,,6800,2400,6700,4400
66,75,89,697,+,927,,6600,7500,8900,6970
58,95,92,98,+,343,,5800,9500,9200,9800
449,934,84,63,+,1530,,4490,9340,8400,6300
3,4,16,17,+,40,,3000,4000,1600,1700
6674,3191,594,1,+,10460,,6674,3191,5940,1000
816,873,857,4,+,2550,,8160,8730,8570,4000
7,2326,4778,8655,+,15766,,7000,2326,4778,8655
33,29,99,7,+,168,,3300,2900,9900,7000
26,99,76,36,+,237,,2600,9900,7600,3600
9699,2666,774,71,+,13210,,9699,2666,7740,7100
38,33,983,584,+,1638,,3800,3300,9830,5840
51,63,39,21,+,174,,5100,6300,3900,2100
195,196,251,145,+,787,,1950,1960,2510,1450
7,9,41,127,+,184,,7000,9000,4100,1270
4,8,58,45,+,115,,4000,8000,5800,4500
852,939,44,17,+,1852,,8520,9390,4400,1700
432,153,813,77,+,1475,,4320,1530,8130,7700
9793,9268,6132,9924,+,35117,,9793,9268,6132,9924
4,98,199,382,+,683,,4000,9800,1990,3820
26,83,29,7,+,145,,2600,8300,2900,7000
569,742,519,3474,+,5304,,5690,7420,5190,3474
3511,8974,5513,9488,+,27486,,3511,8974,5513,9488
3,65,929,2422,+,3419,,3000,6500,9290,2422
256,836,744,993,+,2829,,2560,8360,7440,9930
74,32,3,5,+,114,,7400,3200,3000,5000
3398,5973,61,92,+,9524,,3398,5973,6100,9200
54,993,191,435,+,1673,,5400,9930,1910,4350
34,92,53,552,+,731,,3400,9200,5300,5520
898,35,18,4,+,955,,8980,3500,1800,4000
175,918,543,5754,+,7390,,1750,9180,5430,5754
442,435,812,9,+,1698,,4420,4350,8120,9000
21,17,7,4,+,49,,2100,1700,7000,4000
3,4,2,19,+,28,,3000,4000,2000,1900
9,92,38,699,+,838,,9000,9200,3800,6990
3,2,468,878,+,1351,,3000,2000,4680,8780
2969,5318,1253,982,+,10522,,2969,5318,1253,9820
9899,8871,3244,31,+,22045,,9899,8871,3244,3100
75,36,92,5,+,208,,7500,3600,9200,5000
569,893,382,363,+,2207,,5690,8930,3820,3630
35,362,9363,6537,+,16297,,3500,3620,9363,6537
771,444,581,5,+,1801,,7710,4440,5810,5000
274,35,99,6,+,414,,2740,3500,9900,6000
4,43,1998,8974,+,11019,,4000,4300,1998,8974
58,63,72,1196,+,1389,,5800,6300,7200,1196
45,52,49,16,+,162,,4500,5200,4900,1600
843,232,716,61,+,1852,,8430,2320,7160,6100
388,1696,4596,7413,+,14093,,3880,1696,4596,7413
2329,6952,5162,149,+,14592,,2329,6952,5162,1490
362,997,915,27,+,2301,,3620,9970,9150,2700
4973,6314,9186,23,+,20496,,4973,6314,9186,2300
46,26,1,1,+,74,,4600,2600,1000,1000
27,256,864,857,+,2004,,2700,2560,8640,8570
5265,1177,6231,38,+,12711,,5265,1177,6231,3800
95,13,363,533,+,1004,,9500,1300,3630,5330
8,4,44,296,+,352,,8000,4000,4400,2960
696,721,475,6,+,1898,,6960,7210,4750,6000
48,6,4,9,+,67,,4800,6000,4000,9000
98,9,7,5,+,119,,9800,9000,7000,5000
57,37,893,174,+,1161,,5700,3700,8930,1740
43,68,765,621,+,1497,,4300,6800,7650,6210
918,789,87,2,+,1796,,9180,7890,8700,2000
578,613,365,715,+,2271,,5780,6130,3650,7150
97,683,995,421,+,2196,,9700,6830,9950,4210
9758,5467,89,8,+,15322,,9758,5467,8900,8000
13,56,248,868,+,1185,,1300,5600,2480,8680
946,114,5979,2146,+,9185,,9460,1140,5979,2146
9861,9381,2436,553,+,22231,,9861,9381,2436,5530
13,82,2,1,+,98,,1300,8200,2000,1000
25,95,97,16,+,233,,2500,9500,9700,1600
795,7313,3586,2625,+,14319,,7950,7313,3586,2625
61,99,31,33,+,224,,6100,9900,3100,3300
93,89,96,63,+,341,,9300,8900,9600,6300
29,28,49,14,+,120,,2900,2800,4900,1400
24,964,749,288,+,2025,,2400,9640,7490,2880
943,377,529,358,+,2207,,9430,3770,5290,3580
29,67,124,865,+,1085,,2900,6700,1240,8650
315,864,645,511,+,2335,,3150,8640,6450,5110
324,224,31,71,+,650,,3240,2240,3100,7100
6,99,927,541,+,1573,,6000,9900,9270,5410
46,423,127,719,+,1315,,4600,4230,1270,7190
39,59,14,9,+,121,,3900,5900,1400,9000
251,134,9254,2662,+,12301,,2510,1340,9254,2662
1,18,21,374,+,414,,1000,1800,2100,3740
264,511,929,89,+,1793,,2640,5110,9290,8900
29,71,58,15,+,173,,2900,7100,5800,1500
,,,,,,,,,,
,,,,,,,,,,
,,,,,6378679666679,,,,,
